{"cameraMode":{"drawMode":0,"name":"Shaded","section":"Shading Mode"},"sceneLighting":true,"audioPlay":false,"sceneViewState":{"m_AlwaysRefresh":false,"showFog":true,"showSkybox":true,"showFlares":true,"showImageEffects":true,"showParticleSystems":true,"showVisualEffectGraphs":true,"m_FxEnabled":true},"in2DMode":false,"pivot":{"x":9.013622283935547,"y":6.6642327308654789,"z":-6.125421524047852},"rotation":{"x":0.08836790919303894,"y":-0.019422544166445733,"z":0.0017224648036062718,"w":0.9959020614624023},"size":10.254666328430176,"orthographic":true}